,name,company,year,Price,kms_driven,fuel_type
0,Hyundai Santro Xing,Hyundai,2007-01-01,80000.0,45000.0,Petrol
1,Mahindra Jeep CL550,Mahindra,2006-01-01,425000.0,40.0,Diesel
2,Maruti Suzuki Alto,Maruti,2018-01-01,284999.5,22000.0,Petrol
3,Hyundai Grand i10,Hyundai,2014-01-01,325000.0,28000.0,Petrol
4,Ford EcoSport Titanium,Ford,2014-01-01,575000.0,36000.0,Diesel
5,Ford EcoSport Titanium,Ford,2015-01-01,284999.5,59000.0,Diesel
6,Ford Figo,Ford,2012-01-01,175000.0,41000.0,Diesel
7,Hyundai Eon,Hyundai,2013-01-01,190000.0,25000.0,Petrol
8,Ford EcoSport Ambiente,Ford,2016-01-01,830000.0,24530.0,Diesel
9,Maruti Suzuki Alto,Maruti,2015-01-01,250000.0,60000.0,Petrol
10,Skoda Fabia Classic,Skoda,2010-01-01,182000.0,60000.0,Petrol
11,Maruti Suzuki Stingray,Maruti,2015-01-01,315000.0,30000.0,Petrol
12,Hyundai Elite i20,Hyundai,2014-01-01,415000.0,32000.0,Petrol
13,Mahindra Scorpio SLE,Mahindra,2015-01-01,320000.0,48660.0,Diesel
14,Hyundai Santro Xing,Hyundai,2007-01-01,80000.0,45000.0,Petrol
15,Mahindra Jeep CL550,Mahindra,2006-01-01,425000.0,40.0,Diesel
16,Audi A8,Audi,2017-01-01,1000000.0,4000.0,Petrol
17,Audi Q7,Audi,2014-01-01,500000.0,16934.0,Diesel
18,Mahindra Scorpio S10,Mahindra,2016-01-01,350000.0,43000.0,Diesel
19,Maruti Suzuki Alto,Maruti,2014-01-01,160000.0,35550.0,Petrol
20,Mahindra Scorpio S10,Mahindra,2016-01-01,350000.0,43000.0,Diesel
21,Mahindra Scorpio S10,Mahindra,2016-01-01,310000.0,39522.0,Diesel
22,Maruti Suzuki Alto,Maruti,2015-01-01,75000.0,39000.0,Petrol
23,Hyundai i20 Sportz,Hyundai,2012-01-01,100000.0,55000.0,Petrol
24,Hyundai i20 Sportz,Hyundai,2012-01-01,100000.0,55000.0,Petrol
25,Hyundai i20 Sportz,Hyundai,2012-01-01,100000.0,55000.0,Petrol
26,Maruti Suzuki Alto,Maruti,2017-01-01,190000.0,72000.0,Petrol
27,Maruti Suzuki Vitara,Maruti,2016-01-01,290000.0,15975.0,Diesel
28,Maruti Suzuki Alto,Maruti,2008-01-01,95000.0,70000.0,Petrol
29,Mahindra Bolero DI,Mahindra,2017-01-01,180000.0,23452.0,Diesel
30,Maruti Suzuki Swift,Maruti,2014-01-01,385000.0,35522.0,Diesel
31,Mahindra Scorpio S10,Mahindra,2015-01-01,250000.0,48508.0,Diesel
32,Maruti Suzuki Swift,Maruti,2017-01-01,180000.0,15487.0,Petrol
33,Maruti Suzuki Wagon,Maruti,2013-01-01,105000.0,39000.0,Petrol
34,Maruti Suzuki Wagon,Maruti,2013-01-01,105000.0,39000.0,Petrol
35,Toyota Innova 2.0,Toyota,2012-01-01,650000.0,82000.0,Diesel
36,Renault Lodgy 85,Renault,2018-01-01,689999.0,20000.0,Diesel
37,Skoda Yeti Ambition,Skoda,2012-01-01,448000.0,68000.0,Diesel
38,Maruti Suzuki Baleno,Maruti,2017-01-01,549000.0,32000.0,Diesel
39,Renault Duster 110,Renault,2012-01-01,501000.0,38000.0,Diesel
40,Renault Duster 85,Renault,2013-01-01,489999.0,27000.0,Diesel
41,Honda City 1.5,Honda,2011-01-01,280000.0,33000.0,Petrol
42,Maruti Suzuki Alto,Maruti,2015-01-01,250000.0,60000.0,Petrol
43,Maruti Suzuki Dzire,Maruti,2013-01-01,349999.0,46000.0,Diesel
44,Honda Amaze,Honda,2013-01-01,284999.0,46000.0,Diesel
45,Honda Amaze 1.5,Honda,2015-01-01,345000.0,36000.0,Diesel
46,Honda City,Honda,2015-01-01,499999.0,55000.0,Petrol
47,Datsun Redi GO,Datsun,2017-01-01,235000.0,16000.0,Petrol
48,Maruti Suzuki SX4,Maruti,2010-01-01,249999.0,36000.0,Petrol
49,Mitsubishi Pajero Sport,Mitsubishi,2015-01-01,1475000.0,47000.0,Diesel
50,Mahindra Bolero DI,Mahindra,2017-01-01,180000.0,23452.0,Diesel
51,Maruti Suzuki Swift,Maruti,2014-01-01,385000.0,35522.0,Diesel
52,Mahindra Scorpio S10,Mahindra,2015-01-01,250000.0,48508.0,Diesel
53,Maruti Suzuki Swift,Maruti,2017-01-01,180000.0,15487.0,Petrol
54,Maruti Suzuki Wagon,Maruti,2013-01-01,105000.0,39000.0,Petrol
55,Maruti Suzuki Wagon,Maruti,2013-01-01,105000.0,39000.0,Petrol
56,Mahindra Scorpio S10,Mahindra,2015-01-01,395000.0,35000.0,Diesel
57,Maruti Suzuki Swift,Maruti,2017-01-01,220000.0,30874.0,Petrol
58,Honda City ZX,Honda,2017-01-01,170000.0,15000.0,Diesel
59,Maruti Suzuki Wagon,Maruti,2013-01-01,85000.0,29685.0,Petrol
60,Ford Figo,Ford,2012-01-01,175000.0,41000.0,Diesel
61,Hyundai Eon,Hyundai,2013-01-01,190000.0,25000.0,Petrol
62,Tata Indigo eCS,Tata,2017-01-01,200000.0,130000.0,Diesel
63,Ford EcoSport Ambiente,Ford,2016-01-01,830000.0,24530.0,Diesel
64,Tata Indigo eCS,Tata,2017-01-01,200000.0,130000.0,Diesel
65,Mahindra Scorpio SLE,Mahindra,2012-01-01,570000.0,19000.0,Diesel
66,Volkswagen Polo Highline,Volkswagen,2014-01-01,315000.0,60000.0,Petrol
67,Skoda Fabia Classic,Skoda,2010-01-01,182000.0,60000.0,Petrol
68,Maruti Suzuki Stingray,Maruti,2015-01-01,315000.0,30000.0,Petrol
69,I want to,I,2017-01-01,284999.5,39000.0,Petrol
70,Chevrolet Spark LS,Chevrolet,2010-01-01,110000.0,41000.0,Petrol
71,Renault Duster 110PS,Renault,2012-01-01,501000.0,35000.0,Diesel
72,Honda City,Honda,2015-01-01,448999.0,54000.0,Petrol
73,Mini Cooper S,Mini,2013-01-01,1891111.0,13000.0,Petrol
74,Datsun Redi GO,Datsun,2017-01-01,235000.0,16000.0,Petrol
75,Skoda Fabia 1.2L,Skoda,2011-01-01,159500.0,38200.0,Diesel
76,Honda Amaze,Honda,2015-01-01,344999.0,22000.0,Petrol
77,Honda Amaze,Honda,2015-01-01,344999.0,22000.0,Petrol
78,Renault Duster,Renault,2014-01-01,449999.0,50000.0,Diesel
79,Mini Cooper S,Mini,2013-01-01,1891111.0,13500.0,Petrol
80,Mahindra Scorpio S4,Mahindra,2015-01-01,865000.0,30000.0,Diesel
81,Mahindra Scorpio VLX,Mahindra,2014-01-01,699000.0,50000.0,Diesel
82,Mahindra Quanto C8,Mahindra,2013-01-01,375000.0,20000.0,Diesel
83,Ford EcoSport,Ford,2017-01-01,489999.0,39000.0,Petrol
84,Honda Brio,Honda,2012-01-01,224999.0,30000.0,Petrol
85,I want to,I,2017-01-01,284999.5,39000.0,Petrol
86,Volkswagen Vento Highline,Volkswagen,2019-01-01,1200000.0,3600.0,Diesel
87,Hyundai i20 Magna,Hyundai,2009-01-01,195000.0,32000.0,Petrol
88,Toyota Corolla Altis,Toyota,2010-01-01,351000.0,38000.0,Diesel
89,Hyundai Verna Transform,Hyundai,2008-01-01,160000.0,45000.0,Petrol
90,Toyota Corolla Altis,Toyota,2009-01-01,240000.0,35000.0,Petrol
91,Honda City 1.5,Honda,2005-01-01,90000.0,50000.0,Petrol
92,Hyundai Elite i20,Hyundai,2014-01-01,415000.0,32000.0,Petrol
93,Skoda Fabia 1.2L,Skoda,2011-01-01,155000.0,45863.0,Diesel
94,BMW 3 Series,BMW,2011-01-01,600000.0,60500.0,Petrol
95,Maruti Suzuki A,Maruti,2011-01-01,189500.0,12500.0,Petrol
96,Toyota Etios GD,Toyota,2013-01-01,350000.0,60000.0,Diesel
97,Ford Figo Diesel,Ford,2012-01-01,210000.0,35000.0,Diesel
98,Maruti Suzuki Swift,Maruti,2014-01-01,390000.0,35000.0,Petrol
99,Chevrolet Beat LT,Chevrolet,2012-01-01,135000.0,45000.0,Diesel
100,BMW 7 Series,BMW,2009-01-01,1600000.0,35000.0,Petrol
101,Mahindra XUV500 W8,Mahindra,2013-01-01,701000.0,38000.0,Diesel
102,Hyundai i10 Magna,Hyundai,2014-01-01,265000.0,18000.0,Petrol
103,Hyundai Verna Fluidic,Hyundai,2015-01-01,525000.0,35000.0,Diesel
104,Maruti Suzuki Swift,Maruti,2013-01-01,372000.0,13349.0,Petrol
105,Maruti Suzuki Ertiga,Maruti,2016-01-01,635000.0,29000.0,Petrol
106,Ford EcoSport Titanium,Ford,2014-01-01,550000.0,44000.0,Diesel
107,Maruti Suzuki Ertiga,Maruti,2016-01-01,575000.0,29000.0,Petrol
108,Maruti Suzuki Ertiga,Maruti,2013-01-01,485000.0,42000.0,Diesel
109,Maruti Suzuki Alto,Maruti,2012-01-01,155000.0,14000.0,Petrol
110,Hyundai Grand i10,Hyundai,2014-01-01,345000.0,49000.0,Diesel
111,Honda Amaze 1.2,Honda,2014-01-01,325000.0,42000.0,Petrol
112,Hyundai i20 Asta,Hyundai,2012-01-01,329500.0,36200.0,Diesel
113,Ford Figo Diesel,Ford,2014-01-01,195000.0,50000.0,Diesel
114,Maruti Suzuki Eeco,Maruti,2015-01-01,251111.0,55000.0,Petrol
115,Maruti Suzuki Ertiga,Maruti,2014-01-01,569999.0,45000.0,Petrol
116,Maruti Suzuki Esteem,Maruti,2007-01-01,69999.0,51000.0,Petrol
117,Maruti Suzuki Ritz,Maruti,2014-01-01,299999.0,19000.0,Petrol
118,Maruti Suzuki Dzire,Maruti,2009-01-01,220000.0,46000.0,Petrol
119,Maruti Suzuki Ritz,Maruti,2013-01-01,399999.0,33000.0,Diesel
120,Maruti Suzuki Swift,Maruti,2013-01-01,372000.0,13349.0,Petrol
121,Maruti Suzuki Dzire,Maruti,2015-01-01,450000.0,104000.0,Diesel
122,Toyota Etios Liva,Toyota,2014-01-01,270000.0,55000.0,Petrol
123,Hyundai i20 Sportz,Hyundai,2011-01-01,350000.0,33333.0,Diesel
124,Chevrolet Spark,Chevrolet,2012-01-01,158400.0,33600.0,Petrol
125,Maruti Suzuki Alto,Maruti,2017-01-01,350000.0,5600.0,Petrol
126,Nissan Micra XV,Nissan,2011-01-01,179000.0,41000.0,Petrol
127,Maruti Suzuki Swift,Maruti,2007-01-01,125000.0,70000.0,Petrol
128,Maruti Suzuki Alto,Maruti,2018-01-01,200000.0,7500.0,Petrol
129,Honda Amaze 1.5,Honda,2013-01-01,299000.0,45000.0,Diesel
130,Maruti Suzuki Alto,Maruti,2015-01-01,220000.0,38000.0,Petrol
131,Chevrolet Beat,Chevrolet,2015-01-01,150000.0,30000.0,Petrol
132,Toyota Corolla,Toyota,2009-01-01,275000.0,26000.0,Diesel
133,Honda City 1.5,Honda,2010-01-01,285000.0,35000.0,Petrol
134,Ford EcoSport Trend,Ford,2016-01-01,830000.0,24330.0,Diesel
135,Hyundai i20 Asta,Hyundai,2009-01-01,210000.0,65480.0,Petrol
136,Maruti Suzuki Swift,Maruti,2013-01-01,340000.0,41000.0,Petrol
137,Tata Indica V2,Tata,2006-01-01,90000.0,20000.0,Petrol
138,Maruti Suzuki Alto,Maruti,2018-01-01,284999.5,28028.0,Petrol
139,Hindustan Motors Ambassador,Hindustan,2000-01-01,70000.0,200000.0,Diesel
140,Toyota Corolla Altis,Toyota,2010-01-01,289999.0,70000.0,Petrol
141,Toyota Corolla Altis,Toyota,2012-01-01,349999.0,59000.0,Petrol
142,Toyota Innova 2.5,Toyota,2012-01-01,849999.0,99000.0,Diesel
143,Volkswagen Jetta Highline,Volkswagen,2014-01-01,749999.0,46000.0,Diesel
144,Volkswagen Polo Comfortline,Volkswagen,2015-01-01,399999.0,2800.0,Petrol
145,Volkswagen Polo,Volkswagen,2014-01-01,274999.0,32000.0,Petrol
146,Mahindra Scorpio,Mahindra,2015-01-01,984999.0,22000.0,Diesel
147,Renault Duster,Renault,2014-01-01,449999.0,50000.0,Diesel
148,Honda Amaze,Honda,2015-01-01,344999.0,22000.0,Petrol
149,Nissan Sunny,Nissan,2012-01-01,224999.0,45000.0,Petrol
150,Hyundai Elite i20,Hyundai,2018-01-01,599999.0,21000.0,Petrol
151,Renault Kwid,Renault,2016-01-01,244999.0,11000.0,Petrol
152,Renault Duster,Renault,2013-01-01,399999.0,41000.0,Diesel
153,Ford EcoSport,Ford,2017-01-01,489999.0,39000.0,Petrol
154,Renault Duster,Renault,2014-01-01,474999.0,50000.0,Diesel
155,Mahindra Scorpio VLX,Mahindra,2011-01-01,499999.0,66000.0,Diesel
156,Maruti Suzuki Alto,Maruti,2018-01-01,310000.0,3000.0,Petrol
157,Chevrolet Spark LT,Chevrolet,2010-01-01,85000.0,45000.0,Petrol
158,Datsun Redi GO,Datsun,2016-01-01,245000.0,7000.0,Petrol
159,Maruti Suzuki Swift,Maruti,2010-01-01,189500.0,38500.0,Diesel
160,Fiat Punto Emotion,Fiat,2012-01-01,169500.0,37200.0,Diesel
161,Maruti Suzuki Swift,Maruti,2010-01-01,159500.0,43200.0,Diesel
162,Toyota Etios GD,Toyota,2013-01-01,275000.0,24800.0,Petrol
163,Hyundai i20 Sportz,Hyundai,2014-01-01,370000.0,60000.0,Diesel
164,Hyundai i10 Sportz,Hyundai,2010-01-01,168000.0,45872.0,Petrol
165,Chevrolet Beat LT,Chevrolet,2011-01-01,150000.0,40000.0,Diesel
166,Chevrolet Beat LS,Chevrolet,2011-01-01,145000.0,45000.0,Diesel
167,Chevrolet Beat LT,Chevrolet,2012-01-01,98500.0,38000.0,Diesel
168,Mahindra Scorpio VLX,Mahindra,2014-01-01,699000.0,50000.0,Diesel
169,Tata Indigo CS,Tata,2011-01-01,85000.0,11400.0,Diesel
170,Toyota Corolla Altis,Toyota,2015-01-01,575000.0,42000.0,Petrol
171,Honda City 1.5,Honda,2014-01-01,549000.0,39000.0,Petrol
172,Maruti Suzuki Swift,Maruti,2011-01-01,209000.0,47000.0,Diesel
173,Hyundai Eon Era,Hyundai,2013-01-01,185000.0,27000.0,Petrol
174,Mahindra Scorpio S10,Mahindra,2015-01-01,900000.0,97200.0,Diesel
175,Mahindra XUV500,Mahindra,2014-01-01,699999.0,52000.0,Diesel
176,Honda Brio,Honda,2012-01-01,224999.0,30000.0,Petrol
177,Ford Fiesta,Ford,2011-01-01,274999.0,55000.0,Diesel
178,Honda Amaze,Honda,2013-01-01,284999.0,46000.0,Diesel
179,Honda City,Honda,2015-01-01,599999.0,30000.0,Diesel
180,Maruti Suzuki Wagon,Maruti,2012-01-01,199999.0,44000.0,Petrol
181,Honda City,Honda,2014-01-01,544999.0,45000.0,Diesel
182,Hyundai i20,Hyundai,2009-01-01,199000.0,31000.0,Petrol
183,Tata Indigo eCS,Tata,2016-01-01,320000.0,175430.0,Diesel
184,Hyundai Fluidic Verna,Hyundai,2015-01-01,540000.0,38000.0,Diesel
185,"Commercial , DZire",Commercial,2015-01-01,284999.5,39000.0,Diesel
186,Mahindra Quanto C8,Mahindra,2013-01-01,340000.0,37000.0,Diesel
187,Fiat Petra ELX,Fiat,2008-01-01,75000.0,65000.0,Petrol
188,Skoda Fabia 1.2L,Skoda,2011-01-01,159500.0,38200.0,Diesel
189,Mini Cooper S,Mini,2013-01-01,1891111.0,13000.0,Petrol
190,Hyundai Santro Xing,Hyundai,2005-01-01,49000.0,7500.0,Petrol
191,Maruti Suzuki Ciaz,Maruti,2016-01-01,700000.0,3350.0,Petrol
192,Maruti Suzuki Zen,Maruti,2000-01-01,55000.0,60000.0,Petrol
193,Honda City,Honda,2015-01-01,448999.0,54000.0,Petrol
194,Hyundai Creta 1.6,Hyundai,2017-01-01,895000.0,32000.0,Petrol
195,Tata indigo ecs,Tata,2015-01-01,150000.0,39000.0,Diesel
196,Mahindra Scorpio SLX,Mahindra,2007-01-01,355000.0,75000.0,Diesel
197,Mahindra Scorpio SLE,Mahindra,2012-01-01,565000.0,62000.0,Diesel
198,Toyota Innova 2.5,Toyota,2006-01-01,365000.0,73000.0,Diesel
199,Maruti Suzuki Alto,Maruti,2011-01-01,145000.0,41000.0,Petrol
200,Maruti Suzuki Wagon,Maruti,2011-01-01,210000.0,35000.0,Petrol
201,Tata Nano Cx,Tata,2013-01-01,40000.0,2200.0,Petrol
202,Maruti Suzuki Alto,Maruti,2013-01-01,125000.0,39000.0,Petrol
203,Maruti Suzuki Wagon,Maruti,2009-01-01,135000.0,45000.0,Petrol
204,Maruti Suzuki Swift,Maruti,2006-01-01,135000.0,45000.0,Petrol
205,Tata Sumo Victa,Tata,2012-01-01,285000.0,65000.0,Diesel
206,MARUTI SUZUKI DESI,MARUTI,2015-01-01,400000.0,39000.0,Petrol
207,Maruti Suzuki Wagon,Maruti,2010-01-01,145000.0,54870.0,Petrol
208,Maruti Suzuki Alto,Maruti,2010-01-01,135000.0,34580.0,Petrol
209,Volkswagen Passat Diesel,Volkswagen,2009-01-01,450000.0,97000.0,Diesel
210,Renault Scala RxL,Renault,2015-01-01,375000.0,25000.0,Diesel
211,Mahindra Quanto C8,Mahindra,2013-01-01,375000.0,20000.0,Diesel
212,Hyundai Grand i10,Hyundai,2014-01-01,365000.0,20000.0,Petrol
213,Hyundai i20 Active,Hyundai,2015-01-01,500000.0,18000.0,Petrol
214,Mahindra Xylo E4,Mahindra,2012-01-01,400000.0,35000.0,Diesel
215,Mahindra Jeep MM,Mahindra,2019-01-01,390000.0,60.0,Diesel
216,Renault Duster 110PS,Renault,2012-01-01,501000.0,35000.0,Diesel
217,Mahindra Bolero SLE,Mahindra,2013-01-01,330000.0,80200.0,Diesel
218,Force Motors Force,Force,2015-01-01,580000.0,3200.0,Diesel
219,Maruti Suzuki SX4,Maruti,2012-01-01,265000.0,46000.0,Diesel
220,Mahindra Jeep CL550,Mahindra,2019-01-01,379000.0,39000.0,Diesel
221,Maruti Suzuki Alto,Maruti,2015-01-01,219000.0,5000.0,Petrol
222,Mahindra Jeep CL550,Mahindra,2018-01-01,385000.0,588.0,Diesel
223,Toyota Etios,Toyota,2011-01-01,275000.0,36000.0,Diesel
224,Volkswagen Polo,Volkswagen,2015-01-01,330000.0,38000.0,Diesel
225,Honda City ZX,Honda,2008-01-01,110000.0,45000.0,Petrol
226,Maruti Suzuki Wagon,Maruti,2006-01-01,80000.0,71200.0,Petrol
227,Honda City VX,Honda,2016-01-01,519000.0,52000.0,Diesel
228,Mahindra Thar CRDe,Mahindra,2016-01-01,730000.0,29000.0,Diesel
229,Mitsubishi Pajero Sport,Mitsubishi,2015-01-01,1475000.0,47000.0,Diesel
230,Audi A4 1.8,Audi,2009-01-01,699000.0,47000.0,Petrol
231,Mercedes Benz GLA,Mercedes,2015-01-01,2000000.0,20000.0,Diesel
232,Land Rover Freelander,Land,2015-01-01,2100000.0,30000.0,Diesel
233,Renault Kwid RXT,Renault,2017-01-01,340000.0,5000.0,Petrol
234,Tata Aria Pleasure,Tata,2014-01-01,390000.0,35000.0,Diesel
235,Mercedes Benz B,Mercedes,2014-01-01,1400000.0,31000.0,Petrol
236,Datsun GO T,Datsun,2016-01-01,245000.0,7000.0,Petrol
237,Tata Indigo eCS,Tata,2016-01-01,320000.0,175430.0,Diesel
238,Tata Indigo eCS,Tata,2016-01-01,320000.0,175400.0,Diesel
239,Honda Jazz VX,Honda,2016-01-01,450000.0,41000.0,Petrol
240,Honda Amaze 1.2,Honda,2014-01-01,311000.0,33000.0,Petrol
241,Honda Amaze,Honda,2013-01-01,284999.0,46000.0,Diesel
242,Honda City,Honda,2012-01-01,399999.0,45000.0,Petrol
243,Honda City,Honda,2015-01-01,599999.0,39000.0,Diesel
244,Honda Amaze,Honda,2015-01-01,344999.0,22000.0,Petrol
245,Audi A4 1.8,Audi,2009-01-01,699000.0,47000.0,Petrol
246,Force Motors Force,Force,2015-01-01,580000.0,3200.0,Diesel
247,Mahindra Scorpio S4,Mahindra,2015-01-01,855000.0,30000.0,Diesel
248,Hyundai i20 Active,Hyundai,2015-01-01,535000.0,37000.0,Diesel
249,Mini Cooper S,Mini,2013-01-01,1891111.0,13000.0,Petrol
250,Maruti Suzuki Ciaz,Maruti,2017-01-01,699000.0,14000.0,Petrol
251,Chevrolet Tavera Neo,Chevrolet,2013-01-01,375000.0,55000.0,Diesel
252,Honda Amaze,Honda,2013-01-01,284999.0,46000.0,Diesel
253,Hyundai Eon Sportz,Hyundai,2012-01-01,178000.0,30000.0,Petrol
254,Tata Sumo Gold,Tata,2013-01-01,300000.0,50000.0,Diesel
255,Maruti Suzuki Wagon,Maruti,2003-01-01,90000.0,45000.0,Petrol
256,Maruti Suzuki Esteem,Maruti,2006-01-01,95000.0,45000.0,Petrol
257,Maruti Suzuki Eeco,Maruti,2015-01-01,255000.0,9300.0,Petrol
258,Chevrolet Enjoy 1.4,Chevrolet,2013-01-01,245000.0,55000.0,Diesel
259,Hyundai i20 Asta,Hyundai,2012-01-01,329500.0,36200.0,Diesel
260,Ford Figo Diesel,Ford,2014-01-01,195000.0,50000.0,Diesel
261,Maruti Suzuki Eeco,Maruti,2015-01-01,251111.0,55000.0,Petrol
262,Maruti Suzuki Ertiga,Maruti,2014-01-01,569999.0,45000.0,Petrol
263,Maruti Suzuki Esteem,Maruti,2007-01-01,69999.0,51000.0,Petrol
264,Maruti Suzuki Ritz,Maruti,2014-01-01,299999.0,19000.0,Petrol
265,Maruti Suzuki Dzire,Maruti,2009-01-01,220000.0,46000.0,Petrol
266,Maruti Suzuki Ritz,Maruti,2013-01-01,399999.0,33000.0,Diesel
267,Maruti Suzuki SX4,Maruti,2010-01-01,249999.0,36000.0,Petrol
268,Maruti Suzuki Wagon,Maruti,2015-01-01,289999.0,22000.0,Petrol
269,Mini Cooper S,Mini,2013-01-01,1891111.0,13500.0,Petrol
270,Nissan Terrano XL,Nissan,2015-01-01,499999.0,60000.0,Diesel
271,Renault Duster 85,Renault,2013-01-01,489999.0,27000.0,Diesel
272,Renault Duster 85,Renault,2014-01-01,489999.0,59000.0,Diesel
273,Renault Duster 85,Renault,2015-01-01,549999.0,19000.0,Diesel
274,Maruti Suzuki Dzire,Maruti,2013-01-01,380000.0,30000.0,Petrol
275,Renault Kwid RXT,Renault,2018-01-01,325000.0,15000.0,Petrol
276,Maruti Suzuki Maruti,Maruti,2003-01-01,57000.0,56758.0,Petrol
277,Renault Kwid 1.0,Renault,2018-01-01,349999.0,10000.0,Petrol
278,Renault Lodgy 85,Renault,2018-01-01,689999.0,20000.0,Diesel
279,Renault Scala RxL,Renault,2014-01-01,349999.0,49000.0,Diesel
280,Hyundai Grand i10,Hyundai,2014-01-01,410000.0,41000.0,Petrol
281,Maruti Suzuki Swift,Maruti,2011-01-01,225000.0,45000.0,Petrol
282,Chevrolet Beat LS,Chevrolet,2010-01-01,120000.0,43000.0,Petrol
283,Tata Indigo eCS,Tata,2016-01-01,320000.0,175430.0,Diesel
284,Hyundai Santro Xing,Hyundai,2000-01-01,59000.0,56450.0,Petrol
285,Hyundai Fluidic Verna,Hyundai,2015-01-01,540000.0,38000.0,Diesel
286,"Commercial , DZire",Commercial,2015-01-01,284999.5,39000.0,Diesel
287,Chevrolet Beat LS,Chevrolet,2010-01-01,80000.0,56000.0,Petrol
288,Mahindra Quanto C8,Mahindra,2013-01-01,340000.0,37000.0,Diesel
289,Fiat Petra ELX,Fiat,2008-01-01,75000.0,65000.0,Petrol
290,Chevrolet Beat LS,Chevrolet,2015-01-01,220000.0,32700.0,Petrol
291,Skoda Fabia 1.2L,Skoda,2011-01-01,159500.0,38200.0,Diesel
292,Ford EcoSport Titanium,Ford,2016-01-01,599000.0,30000.0,Diesel
293,Hyundai Accent GLX,Hyundai,2006-01-01,80000.0,56000.0,Petrol
294,Yama,Yamaha,2015-01-01,55000.0,39000.0,Diesel
295,Maruti Suzuki Swift,Maruti,2010-01-01,284999.5,52000.0,Diesel
296,Mahindra TUV300 T4,Mahindra,2016-01-01,675000.0,9000.0,Diesel
297,Mini Cooper S,Mini,2013-01-01,1891111.0,13000.0,Petrol
298,Mini Cooper S,Mini,2013-01-01,1891111.0,13000.0,Petrol
299,Tata Indica V2,Tata,2008-01-01,150000.0,11000.0,Petrol
300,Mini Cooper S,Mini,2013-01-01,1891111.0,13000.0,Petrol
301,Tata Indigo CS,Tata,2009-01-01,72500.0,46000.0,Diesel
302,Maruti Suzuki Swift,Maruti,2019-01-01,610000.0,73.0,Petrol
303,Mahindra Scorpio VLX,Mahindra,2004-01-01,230000.0,160000.0,Diesel
304,Tata Indica eV2,Tata,2017-01-01,284999.5,84000.0,Diesel
305,Honda Accord,Honda,2009-01-01,175000.0,58559.0,Petrol
306,Mahindra Scorpio S4,Mahindra,2015-01-01,855000.0,30000.0,Diesel
307,Chevrolet Tavera Neo,Chevrolet,2013-01-01,375000.0,55000.0,Diesel
308,Ford EcoSport Titanium,Ford,2014-01-01,520000.0,57000.0,Diesel
309,Maruti Suzuki Ertiga,Maruti,2015-01-01,524999.0,50000.0,Diesel
310,Honda Amaze,Honda,2014-01-01,299999.0,37000.0,Petrol
311,Maruti Suzuki Dzire,Maruti,2012-01-01,299999.0,40000.0,Petrol
312,Honda City,Honda,2011-01-01,284999.0,55000.0,Petrol
313,Mahindra Scorpio 2.6,Mahindra,2007-01-01,220000.0,170000.0,Diesel
314,Maruti Suzuki Dzire,Maruti,2014-01-01,424999.0,55000.0,Diesel
315,Honda City,Honda,2015-01-01,644999.0,39000.0,Petrol
316,Honda Mobilio,Honda,2014-01-01,399999.0,44000.0,Petrol
317,Toyota Corolla Altis,Toyota,2009-01-01,199999.0,65000.0,Petrol
318,Honda City,Honda,2014-01-01,584999.0,39000.0,Petrol
319,Skoda Laura,Skoda,2012-01-01,349999.0,44000.0,Diesel
320,Renault Duster,Renault,2015-01-01,449999.0,49000.0,Diesel
321,Maruti Suzuki Ertiga,Maruti,2018-01-01,799999.0,9000.0,Diesel
322,Maruti Suzuki Dzire,Maruti,2015-01-01,444999.0,45000.0,Diesel
323,Mahindra XUV500,Mahindra,2014-01-01,649999.0,47000.0,Diesel
324,Hyundai Verna Fluidic,Hyundai,2012-01-01,444999.0,40000.0,Diesel
325,Maruti Suzuki Vitara,Maruti,2016-01-01,689999.0,29000.0,Diesel
326,Maruti Suzuki Wagon,Maruti,2016-01-01,344999.0,15000.0,Petrol
327,Mahindra Scorpio,Mahindra,2015-01-01,944999.0,45000.0,Diesel
328,Honda Amaze,Honda,2014-01-01,274999.0,35000.0,Petrol
329,Mahindra XUV500,Mahindra,2013-01-01,689999.0,80000.0,Diesel
330,Mahindra Scorpio,Mahindra,2013-01-01,574999.0,68000.0,Diesel
331,Skoda Laura,Skoda,2013-01-01,374999.0,50000.0,Diesel
332,Volkswagen Polo,Volkswagen,2010-01-01,199999.0,60000.0,Diesel
333,Hyundai Elite i20,Hyundai,2016-01-01,549999.0,9000.0,Petrol
334,Tata Manza Aura,Tata,2012-01-01,130000.0,72000.0,Diesel
335,Chevrolet Sail UVA,Chevrolet,2013-01-01,210000.0,60000.0,Petrol
336,Renault Duster 110,Renault,2012-01-01,501000.0,38000.0,Diesel
337,Hyundai Verna Fluidic,Hyundai,2013-01-01,401000.0,45000.0,Diesel
338,Audi A4 2.0,Audi,2012-01-01,1350000.0,40000.0,Diesel
339,Hyundai Elantra SX,Hyundai,2013-01-01,600000.0,20000.0,Petrol
340,Mahindra Scorpio VLX,Mahindra,2013-01-01,610000.0,35000.0,Diesel
341,Mahindra KUV100 K8,Mahindra,2016-01-01,400000.0,20000.0,Diesel
342,Renault Scala RxL,Renault,2015-01-01,375000.0,25000.0,Diesel
343,Mahindra Quanto C8,Mahindra,2013-01-01,375000.0,20000.0,Diesel
344,Hyundai Grand i10,Hyundai,2014-01-01,365000.0,20000.0,Petrol
345,Hyundai i20 Active,Hyundai,2015-01-01,500000.0,18000.0,Petrol
346,Mahindra Xylo E4,Mahindra,2012-01-01,400000.0,35000.0,Diesel
347,Hyundai Grand i10,Hyundai,2017-01-01,524999.0,6821.0,Petrol
348,Hyundai i20,Hyundai,2014-01-01,449999.0,23000.0,Petrol
349,Hyundai Eon,Hyundai,2014-01-01,174999.0,14000.0,Petrol
350,Hyundai i10,Hyundai,2012-01-01,244999.0,38000.0,Petrol
351,Hyundai i20 Active,Hyundai,2015-01-01,574999.0,35000.0,Diesel
352,Datsun Redi GO,Datsun,2017-01-01,244999.0,22000.0,Petrol
353,Toyota Etios Liva,Toyota,2011-01-01,239999.0,41000.0,Petrol
354,Hyundai Accent,Hyundai,2010-01-01,99999.0,45000.0,Petrol
355,Hyundai Verna,Hyundai,2014-01-01,489999.0,44000.0,Diesel
356,Maruti Suzuki Swift,Maruti,2013-01-01,324999.0,45000.0,Diesel
357,Toyota Fortuner,Toyota,2011-01-01,1074999.0,52000.0,Diesel
358,Hyundai i10 Sportz,Hyundai,2012-01-01,230000.0,34000.0,Petrol
359,Mahindra Bolero Power,Mahindra,2018-01-01,699000.0,1800.0,Diesel
360,selling car Ta,selling,2015-01-01,284999.5,39000.0,Petrol
361,Mahindra XUV500,Mahindra,2015-01-01,1000000.0,15000.0,Diesel
362,Chevrolet Spark LT,Chevrolet,2009-01-01,110000.0,44000.0,Petrol
363,Mahindra Jeep MM,Mahindra,2019-01-01,390000.0,60.0,Diesel
364,Renault Duster 110PS,Renault,2012-01-01,501000.0,35000.0,Diesel
365,Mahindra XUV500,Mahindra,2016-01-01,1130000.0,72000.0,Diesel
366,Tata Indigo eCS,Tata,2014-01-01,250000.0,40000.0,Diesel
367,Tata Zest 90,Tata,2015-01-01,284999.5,39000.0,Diesel
368,Mahindra Bolero SLE,Mahindra,2013-01-01,330000.0,80200.0,Diesel
369,Force Motors Force,Force,2015-01-01,580000.0,3200.0,Diesel
370,Skoda Rapid Elegance,Skoda,2013-01-01,340000.0,48000.0,Diesel
371,Tata Vista Quadrajet,Tata,2011-01-01,120000.0,90000.0,Diesel
372,Maruti Suzuki Alto,Maruti,2015-01-01,265000.0,12000.0,Petrol
373,Maruti Suzuki SX4,Maruti,2012-01-01,265000.0,46000.0,Diesel
374,Maruti Suzuki Zen,Maruti,2003-01-01,85000.0,69900.0,Petrol
375,Mahindra Jeep CL550,Mahindra,2019-01-01,379000.0,39000.0,Diesel
376,Hyundai i10 Magna,Hyundai,2011-01-01,175000.0,45000.0,Petrol
377,Maruti Suzuki Alto,Maruti,2015-01-01,219000.0,5000.0,Petrol
378,Maruti Suzuki Swift,Maruti,2016-01-01,350000.0,166000.0,Diesel
379,Honda City ZX,Honda,2008-01-01,149000.0,42000.0,Petrol
380,Mahindra Jeep CL550,Mahindra,2018-01-01,385000.0,588.0,Diesel
381,Mahindra Jeep MM,Mahindra,2006-01-01,425000.0,122.0,Diesel
382,Chevrolet Beat Diesel,Chevrolet,2017-01-01,150000.0,62000.0,Diesel
383,Honda City 1.5,Honda,2010-01-01,225000.0,70000.0,Petrol
384,Maruti Suzuki Swift,Maruti,2015-01-01,300000.0,39000.0,Diesel
385,Hyundai Verna 1.4,Hyundai,2014-01-01,375000.0,36000.0,Petrol
386,Toyota Innova 2.5,Toyota,2012-01-01,770000.0,39000.0,Diesel
387,Maruti Suzuki Alto,Maruti,2018-01-01,284999.5,24000.0,Petrol
388,Maruti Suzuki Maruti,Maruti,1995-01-01,30000.0,55000.0,Petrol
389,Toyota Etios,Toyota,2011-01-01,275000.0,36000.0,Diesel
390,Volkswagen Polo,Volkswagen,2015-01-01,330000.0,38000.0,Diesel
391,Maruti Suzuki Swift,Maruti,2014-01-01,335000.0,55000.0,Diesel
392,Hyundai Elite i20,Hyundai,2015-01-01,450000.0,20000.0,Diesel
393,Maruti Suzuki Swift,Maruti,2012-01-01,225000.0,40000.0,Petrol
394,Maruti Suzuki Swift,Maruti,2015-01-01,300000.0,39000.0,Diesel
395,Maruti Suzuki Versa,Maruti,2004-01-01,80000.0,50000.0,Petrol
396,Tata Indigo LX,Tata,2016-01-01,130000.0,104000.0,Diesel
397,Volkswagen Vento Konekt,Volkswagen,2011-01-01,245000.0,65000.0,Diesel
398,Mercedes Benz C,Mercedes,2002-01-01,399000.0,41000.0,Petrol
399,Maruti Suzuki Ertiga,Maruti,2013-01-01,450000.0,90000.0,Diesel
400,URJE,URJENT,2015-01-01,180000.0,39000.0,Diesel
401,Honda City,Honda,2000-01-01,65000.0,80000.0,Petrol
402,Hyundai Santro Xing,Hyundai,2006-01-01,75000.0,46000.0,Petrol
403,Maruti Suzuki Omni,Maruti,2001-01-01,70000.0,70000.0,Petrol
404,Hyundai Sonata Transform,Hyundai,2017-01-01,190000.0,36469.0,Diesel
405,Hyundai Elite i20,Hyundai,2018-01-01,600000.0,7800.0,Petrol
406,Volkswagen Vento Konekt,Volkswagen,2011-01-01,245000.0,65000.0,Diesel
407,Maruti Suzuki Alto,Maruti,2017-01-01,240000.0,60000.0,Petrol
408,Maruti Suzuki Alto,Maruti,2011-01-01,155000.0,32000.0,Petrol
409,Honda Jazz S,Honda,2009-01-01,169999.0,24695.0,Petrol
410,Hyundai Grand i10,Hyundai,2017-01-01,450000.0,15141.0,Petrol
411,Maruti Suzuki Zen,Maruti,2001-01-01,40000.0,40000.0,Petrol
412,Mahindra Scorpio W,Mahindra,2012-01-01,165000.0,65000.0,Diesel
413,Swift Dzire Tour,Swift,2015-01-01,370000.0,39000.0,Diesel
414,Maruti Suzuki Alto,Maruti,2014-01-01,270000.0,22000.0,Petrol
415,Hyundai Grand i10,Hyundai,2016-01-01,280000.0,59910.0,Diesel
416,Mahindra XUV500 W8,Mahindra,2012-01-01,560000.0,100000.0,Diesel
417,Hyundai Creta 1.6,Hyundai,2016-01-01,950000.0,25000.0,Petrol
418,Hyundai i20 Magna,Hyundai,2013-01-01,310000.0,35000.0,Petrol
419,Renault Duster 85,Renault,2015-01-01,715000.0,65000.0,Diesel
420,Hyundai Grand i10,Hyundai,2014-01-01,340000.0,35000.0,Petrol
421,Honda Brio V,Honda,2012-01-01,235000.0,33000.0,Petrol
422,Mahindra TUV300 T4,Mahindra,2017-01-01,610000.0,68000.0,Diesel
423,Chevrolet Spark LS,Chevrolet,2010-01-01,95000.0,23000.0,Petrol
424,Mahindra TUV300 T8,Mahindra,2018-01-01,1000000.0,4500.0,Diesel
425,Maruti Suzuki Swift,Maruti,2015-01-01,220000.0,129000.0,Diesel
426,Nissan X Trail,Nissan,2019-01-01,1200000.0,300.0,Diesel
427,Maruti Suzuki Alto,Maruti,2015-01-01,230000.0,5000.0,Petrol
428,Ford Ikon 1.3,Ford,2001-01-01,45000.0,65000.0,Petrol
429,Toyota Fortuner 3.0,Toyota,2010-01-01,940000.0,131000.0,Diesel
430,Tata Manza ELAN,Tata,2010-01-01,155555.0,111111.0,Petrol
431,Tata zest x,Tata,2015-01-01,320000.0,39000.0,Diesel
432,Mahindra xyl,Mahindra,2015-01-01,350000.0,39000.0,Diesel
433,Mercedes Benz A,Mercedes,2013-01-01,1500000.0,14000.0,Petrol
434,Chevrolet Beat LS,Chevrolet,2016-01-01,210000.0,22000.0,Diesel
435,Ford EcoSport Trend,Ford,2013-01-01,495000.0,38000.0,Diesel
436,Tata Indigo LS,Tata,2016-01-01,125000.0,70000.0,Diesel
437,Hyundai i20 Magna,Hyundai,2010-01-01,195000.0,36000.0,Petrol
438,Volkswagen Vento Highline,Volkswagen,2015-01-01,550000.0,34000.0,Diesel
439,Renault Kwid RXT,Renault,2015-01-01,270000.0,43000.0,Petrol
440,Used Commercial Maruti,Used,2015-01-01,150000.0,39000.0,Diesel
441,Ford EcoSport Titanium,Ford,2014-01-01,500000.0,40000.0,Diesel
442,Honda Amaze 1.5,Honda,2016-01-01,240000.0,160000.0,Diesel
443,Hyundai Verna 1.6,Hyundai,2017-01-01,800000.0,12000.0,Petrol
444,BMW 5 Series,BMW,2011-01-01,1299000.0,49000.0,Diesel
445,Skoda Superb 1.8,Skoda,2011-01-01,530000.0,68000.0,Petrol
446,Audi Q3 2.0,Audi,2013-01-01,1499000.0,37000.0,Diesel
447,Mahindra Bolero DI,Mahindra,2012-01-01,220000.0,59466.0,Diesel
448,Maruti Suzuki Zen,Maruti,2011-01-01,284999.5,16000.0,Petrol
449,Mahindra Scorpio S10,Mahindra,2015-01-01,900000.0,97200.0,Diesel
450,Ford Figo Duratorq,Ford,2012-01-01,250000.0,99000.0,Diesel
451,Maruti Suzuki Wagon,Maruti,2018-01-01,395000.0,25500.0,Petrol
452,Mahindra Logan Diesel,Mahindra,2009-01-01,130000.0,66000.0,Petrol
453,Tata Nano GenX,Tata,2010-01-01,32000.0,44005.0,Petrol
454,Mahindra TUV300 T4,Mahindra,2016-01-01,540000.0,35000.0,Diesel
455,Mahindra TUV300 T4,Mahindra,2016-01-01,540000.0,35000.0,Diesel
456,Hyundai Elite i20,Hyundai,2015-01-01,405000.0,28000.0,Petrol
457,Hyundai Elite i20,Hyundai,2015-01-01,400000.0,30000.0,Petrol
458,Honda City SV,Honda,2017-01-01,760000.0,4000.0,Petrol
459,Maruti Suzuki Baleno,Maruti,2016-01-01,500000.0,28000.0,Petrol
460,Ford Figo Petrol,Ford,2011-01-01,175000.0,75000.0,Petrol
461,Mahindra Scorpio S10,Mahindra,2015-01-01,900000.0,97200.0,Diesel
462,Honda City,Honda,2017-01-01,750000.0,3000.0,Petrol
463,Hyundai Elite i20,Hyundai,2015-01-01,419000.0,20000.0,Petrol
464,Maruti Suzuki Versa,Maruti,2004-01-01,90000.0,50000.0,Petrol
465,Hyundai Eon Era,Hyundai,2018-01-01,140000.0,2110.0,Petrol
466,Mitsubishi Pajero Sport,Mitsubishi,2015-01-01,1540000.0,43222.0,Petrol
467,Hyundai i10 Magna,Hyundai,2008-01-01,275000.0,100200.0,Petrol
468,Toyota Corolla H2,Toyota,2003-01-01,150000.0,100000.0,Petrol
469,Maruti Suzuki Swift,Maruti,2011-01-01,230000.0,65.0,Petrol
470,Tata Indigo CS,Tata,2015-01-01,123000.0,100000.0,Diesel
471,Mahindra Scorpio S10,Mahindra,2015-01-01,900000.0,97200.0,Diesel
472,Mahindra Scorpio S10,Mahindra,2015-01-01,900000.0,97200.0,Diesel
473,Hyundai Xcent Base,Hyundai,2016-01-01,300000.0,140000.0,Diesel
474,Honda City,Honda,2015-01-01,499999.0,55000.0,Petrol
475,Hyundai Accent Executive,Hyundai,2009-01-01,165000.0,48000.0,Petrol
476,Maruti Suzuki Baleno,Maruti,2016-01-01,498000.0,22000.0,Petrol
477,Tata Zest XE,Tata,2018-01-01,480000.0,103553.0,Diesel
478,Maruti Suzuki Dzire,Maruti,2017-01-01,488000.0,80000.0,Diesel
479,Tata Sumo Gold,Tata,2014-01-01,250000.0,99000.0,Diesel
480,Toyota Corolla Altis,Toyota,2010-01-01,220000.0,58000.0,Petrol
481,Maruti Suzuki Eeco,Maruti,2013-01-01,290000.0,70000.0,LPG
482,Toyota Fortuner 3.0,Toyota,2015-01-01,1525000.0,120000.0,Diesel
483,Mahindra XUV500 W6,Mahindra,2013-01-01,548900.0,49800.0,Diesel
484,Tata Tigor Revotron,Tata,2019-01-01,650000.0,100.0,Diesel
485,Maruti Suzuki 800,Maruti,2001-01-01,55000.0,81876.0,Petrol
486,Maruti Suzuki Ertiga,Maruti,2015-01-01,550000.0,75000.0,Petrol
487,Maruti Suzuki Versa,Maruti,2004-01-01,90000.0,50000.0,Petrol
488,Honda Mobilio S,Honda,2014-01-01,399000.0,44000.0,Diesel
489,Maruti Suzuki Ertiga,Maruti,2016-01-01,730000.0,55000.0,Diesel
490,Maruti Suzuki Vitara,Maruti,2017-01-01,725000.0,36000.0,Diesel
491,Hyundai Verna 1.6,Hyundai,2016-01-01,195000.0,56000.0,Diesel
492,Maruti Suzuki Swift,Maruti,2007-01-01,130000.0,62000.0,Petrol
493,Toyota Fortuner 3.0,Toyota,2015-01-01,1525000.0,120000.0,Diesel
494,Maruti Suzuki Omni,Maruti,2014-01-01,190000.0,6020.0,Petrol
495,Honda Amaze,Honda,2013-01-01,250000.0,55700.0,Diesel
496,Tata Indica,Tata,2005-01-01,80000.0,42000.0,Petrol
497,Hyundai Santro Xing,Hyundai,2003-01-01,120000.0,50000.0,Petrol
498,Maruti Suzuki Zen,Maruti,2010-01-01,149000.0,35000.0,Petrol
499,Maruti Suzuki Wagon,Maruti,2014-01-01,250000.0,18500.0,Petrol
500,Maruti Suzuki Wagon,Maruti,2007-01-01,120000.0,7000.0,Petrol
501,Honda Brio VX,Honda,2017-01-01,450000.0,11000.0,Petrol
502,Hyundai Xcent Base,Hyundai,2015-01-01,284999.5,180000.0,Diesel
503,Maruti Suzuki Zen,Maruti,2003-01-01,99999.0,53000.0,Petrol
504,Maruti Suzuki Zen,Maruti,2008-01-01,135000.0,23000.0,Petrol
505,Maruti Suzuki Wagon,Maruti,2016-01-01,225000.0,35500.0,Diesel
506,Maruti Suzuki Alto,Maruti,2010-01-01,99000.0,22134.0,Petrol
507,Renault Kwid RXT,Renault,2019-01-01,370000.0,1000.0,Petrol
508,Tata Nano Lx,Tata,2010-01-01,52000.0,9000.0,Petrol
509,Jaguar XE XE,Jaguar,2016-01-01,2800000.0,8500.0,Petrol
510,Hyundai Xcent S,Hyundai,2015-01-01,284999.5,35000.0,Petrol
511,Hyundai Eon Magna,Hyundai,2014-01-01,190000.0,35000.0,Petrol
512,Honda City 1.5,Honda,2014-01-01,499000.0,22000.0,Petrol
513,Hindustan Motors Ambassador,Hindustan,2002-01-01,90000.0,25000.0,Diesel
514,Maruti Suzuki Ritz,Maruti,2010-01-01,149000.0,40000.0,Petrol
515,Hyundai Grand i10,Hyundai,2017-01-01,400000.0,20000.0,Petrol
516,Hyundai Eon D,Hyundai,2016-01-01,120000.0,87000.0,Petrol
517,Maruti Suzuki Swift,Maruti,2015-01-01,250000.0,55000.0,Petrol
518,Maruti Suzuki Wagon,Maruti,2017-01-01,375000.0,23000.0,Petrol
519,Honda Amaze 1.2,Honda,2014-01-01,381000.0,6000.0,Petrol
520,Maruti Suzuki Estilo,Maruti,2013-01-01,180000.0,65000.0,Petrol
521,Maruti Suzuki Vitara,Maruti,2016-01-01,580000.0,25000.0,Diesel
522,Maruti Suzuki Eeco,Maruti,2015-01-01,278000.0,39000.0,Petrol
523,Toyota Innova 2.0,Toyota,2009-01-01,284999.5,15574.0,Diesel
524,Hyundai Creta 1.6,Hyundai,2016-01-01,1000000.0,8000.0,Petrol
525,Mahindra Scorpio Vlx,Mahindra,2013-01-01,690000.0,75000.0,Diesel
526,Maruti Suzuki Ertiga,Maruti,2012-01-01,480000.0,51000.0,Diesel
527,Mitsubishi Lancer 1.8,Mitsubishi,2006-01-01,85000.0,50000.0,Petrol
528,Maruti Suzuki Maruti,Maruti,2001-01-01,40000.0,75000.0,Petrol
529,Maruti Suzuki Alto,Maruti,2015-01-01,90000.0,55800.0,Petrol
530,Hyundai Grand i10,Hyundai,2015-01-01,340000.0,53000.0,Petrol
531,Hyundai Eon D,Hyundai,2018-01-01,260000.0,25000.0,Petrol
532,Ford Fiesta SXi,Ford,2009-01-01,250000.0,56400.0,Petrol
533,Maruti Suzuki Ritz,Maruti,2010-01-01,180000.0,72160.0,Diesel
534,Hyundai Verna Fluidic,Hyundai,2012-01-01,350000.0,10000.0,Diesel
535,Maruti Suzuki Wagon,Maruti,2006-01-01,90001.0,48000.0,Petrol
536,Maruti Suzuki Estilo,Maruti,2007-01-01,115000.0,36000.0,Petrol
537,Audi A6 2.0,Audi,2012-01-01,1599000.0,11500.0,Diesel
538,Maruti Suzuki Wagon,Maruti,2003-01-01,130000.0,133000.0,Petrol
539,Maruti Suzuki Wagon,Maruti,2009-01-01,159000.0,27000.0,Petrol
540,Maruti Suzuki Wagon,Maruti,2009-01-01,160000.0,35000.0,Petrol
541,Maruti Suzuki Alto,Maruti,2010-01-01,110000.0,55000.0,Petrol
542,Maruti Suzuki Baleno,Maruti,2016-01-01,425000.0,40000.0,Petrol
543,Hyundai Verna 1.6,Hyundai,2019-01-01,900000.0,2000.0,Petrol
544,Maruti Suzuki Swift,Maruti,2009-01-01,150000.0,45000.0,Petrol
545,Hyundai Getz Prime,Hyundai,2009-01-01,110000.0,20000.0,Petrol
546,Hyundai Santro,Hyundai,2000-01-01,51999.0,88000.0,Petrol
547,Hyundai Getz Prime,Hyundai,2009-01-01,115000.0,20000.0,Petrol
548,Chevrolet Beat PS,Chevrolet,2012-01-01,215000.0,65422.0,Diesel
549,Ford EcoSport Trend,Ford,2017-01-01,580000.0,10000.0,Petrol
550,Maruti Suzuki Dzire,Maruti,2013-01-01,380000.0,35000.0,Petrol
551,Hyundai Fluidic Verna,Hyundai,2013-01-01,350000.0,117000.0,Diesel
552,Tata Indica V2,Tata,2005-01-01,35000.0,150000.0,Diesel
553,BMW X1 xDrive20d,BMW,2011-01-01,1150000.0,72000.0,Diesel
554,Hyundai i20 Asta,Hyundai,2010-01-01,300000.0,10750.0,Petrol
555,Honda City 1.5,Honda,2009-01-01,269000.0,55000.0,Petrol
556,Tata Nano,Tata,2013-01-01,60000.0,6800.0,Petrol
557,Chevrolet Cruze LTZ,Chevrolet,2014-01-01,400000.0,41000.0,Diesel
558,Hyundai Verna Fluidic,Hyundai,2015-01-01,430000.0,73000.0,Diesel
559,Hyun,Hyundai,2015-01-01,284999.5,39000.0,Petrol
560,Maruti Suzuki Swift,Maruti,2011-01-01,140000.0,65000.0,Diesel
561,Mahindra XUV500 W10,Mahindra,2018-01-01,1299000.0,40000.0,Diesel
562,Maruti Suzuki Alto,Maruti,2014-01-01,199000.0,37000.0,Petrol
563,Hyundai Accent GLE,Hyundai,2006-01-01,90000.0,55000.0,Petrol
564,Force Motors One,Force,2013-01-01,550000.0,140000.0,Diesel
565,Datsun Go Plus,Datsun,2016-01-01,284999.5,5.0,Petrol
566,Maruti Suzuki Alto,Maruti,2019-01-01,265000.0,9800.0,Petrol
567,Chevrolet Spark 1.0,Chevrolet,2011-01-01,100000.0,27000.0,Petrol
568,Hyundai i10,Hyundai,2009-01-01,215000.0,27000.0,Petrol
569,Toyota Etios Liva,Toyota,2012-01-01,380000.0,20000.0,Diesel
570,Renault Duster 85PS,Renault,2013-01-01,401919.0,57923.0,Diesel
571,Chevrolet Enjoy,Chevrolet,2014-01-01,490000.0,30201.0,Diesel
572,Maruti Suzuki Alto,Maruti,2017-01-01,280000.0,6200.0,Petrol
573,BMW 5 Series,BMW,2009-01-01,650000.0,37518.0,Petrol
574,Toyota Etios Liva,Toyota,2014-01-01,160000.0,24652.0,Petrol
575,Mahindra Jeep MM,Mahindra,2004-01-01,424000.0,383.0,Diesel
576,Chevrolet Beat LS,Chevrolet,2016-01-01,225000.0,95000.0,Diesel
577,Chevrolet Cruze LTZ,Chevrolet,2011-01-01,350000.0,35000.0,Diesel
578,Jeep Wrangler Unlimited,Jeep,2015-01-01,950000.0,3528.0,Diesel
579,Maruti Suzuki Ertiga,Maruti,2013-01-01,485000.0,52500.0,Diesel
580,Hyundai Verna VGT,Hyundai,2010-01-01,205000.0,47900.0,Diesel
581,Maruti Suzuki Omni,Maruti,2012-01-01,160000.0,14000.0,Petrol
582,Maruti Suzuki Celerio,Maruti,2018-01-01,310000.0,37000.0,Petrol
583,Tata Zest Quadrajet,Tata,2017-01-01,180000.0,90000.0,Diesel
584,Mahindra XUV500 W6,Mahindra,2013-01-01,549900.0,52800.0,Diesel
585,Tata Indigo CS,Tata,2016-01-01,150000.0,104000.0,Diesel
586,Hyundai i10 Era,Hyundai,2011-01-01,175000.0,30000.0,Petrol
587,Tata Indigo eCS,Tata,2014-01-01,95000.0,195000.0,Diesel
588,Tata Indigo LX,Tata,2016-01-01,230000.0,104000.0,Diesel
589,Tata Indigo eCS,Tata,2016-01-01,230000.0,104000.0,Diesel
590,Tata Indigo Marina,Tata,2004-01-01,180000.0,70000.0,Diesel
591,Commercial Chevrolet Sail,Commercial,2015-01-01,225000.0,39000.0,Diesel
592,Hyundai Xcent SX,Hyundai,2015-01-01,400000.0,43000.0,Diesel
593,Hyundai Eon Magna,Hyundai,2013-01-01,185000.0,23000.0,Petrol
594,Renault Duster 85,Renault,2015-01-01,385000.0,51000.0,Diesel
595,Maruti Suzuki Alto,Maruti,2009-01-01,90000.0,62000.0,Petrol
596,Tata Nano LX,Tata,2010-01-01,32000.0,48008.0,Petrol
597,Commercial Car Ta,Commercial,2015-01-01,371500.0,39000.0,Diesel
598,Renault Duster 110,Renault,2013-01-01,435000.0,39000.0,Diesel
599,Maruti Suzuki Wagon,Maruti,2010-01-01,225000.0,40000.0,Petrol
600,Maruti Suzuki Swift,Maruti,2006-01-01,189700.0,48247.0,Petrol
601,Maruti Suzuki Ertiga,Maruti,2012-01-01,389700.0,39000.0,Diesel
602,Maruti Suzuki Swift,Maruti,2014-01-01,365000.0,23000.0,Petrol
603,Maruti Suzuki Alto,Maruti,2017-01-01,360000.0,9400.0,Petrol
604,Hyundai i20 Magna,Hyundai,2010-01-01,210000.0,50000.0,Petrol
605,Hyundai i10 Magna,Hyundai,2009-01-01,170000.0,75000.0,Petrol
606,tata Indica,tata,2015-01-01,130000.0,39000.0,Petrol
607,Tata Zest XE,Tata,2017-01-01,380000.0,70000.0,Diesel
608,Mahindra Xylo E8,Mahindra,2009-01-01,295000.0,64000.0,Diesel
609,Toyota Corolla Altis,Toyota,2010-01-01,185000.0,55000.0,Petrol
610,Tata Manza Aqua,Tata,2014-01-01,160000.0,200000.0,Diesel
611,Mahindra KUV100 K8,Mahindra,2018-01-01,284999.5,7500.0,Diesel
612,Used bt new,Used,2015-01-01,255000.0,39000.0,Petrol
613,Renault Kwid 1.0,Renault,2018-01-01,290000.0,2137.0,Petrol
614,Sale tata,Sale,2015-01-01,100000.0,39000.0,Diesel
615,Tata Venture EX,Tata,2013-01-01,100000.0,30000.0,Diesel
616,Maruti Suzuki Swift,Maruti,2014-01-01,315000.0,44000.0,Petrol
617,Maruti Suzuki Alto,Maruti,2002-01-01,284999.5,56000.0,Petrol
618,Skoda Octavia Classic,Skoda,2006-01-01,114990.0,65000.0,Diesel
619,Maruti Suzuki Omni,Maruti,2012-01-01,120000.0,160000.0,LPG
620,Chevrolet Beat Diesel,Chevrolet,2011-01-01,125000.0,56000.0,Diesel
621,Tata Sumo Gold,Tata,2012-01-01,210000.0,75000.0,Diesel
622,Tata indigo 2017,Tata,2015-01-01,170000.0,39000.0,Petrol
623,Hyundai Verna 1.6,Hyundai,2018-01-01,855000.0,42000.0,Diesel
624,Tata Sumo Gold,Tata,2012-01-01,210000.0,75000.0,Diesel
625,Mahindra Scorpio 2.6,Mahindra,2007-01-01,260000.0,56000.0,Diesel
626,Maruti Suzuki Zen,Maruti,2002-01-01,95000.0,10544.0,Petrol
627,Maruti Suzuki Swift,Maruti,2011-01-01,255000.0,64000.0,Petrol
628,Mahindra Scorpio SLX,Mahindra,2008-01-01,300000.0,70000.0,Diesel
629,Hyundai Grand i10,Hyundai,2014-01-01,340000.0,25000.0,Petrol
630,Hyundai Elite i20,Hyundai,2017-01-01,550000.0,15000.0,Petrol
631,Ford Ikon 1.6,Ford,2003-01-01,60000.0,50000.0,Petrol
632,Hyundai Elite i20,Hyundai,2015-01-01,284999.5,49500.0,Petrol
633,Tata indigo,Tata,2015-01-01,150000.0,39000.0,Petrol
634,Toyota Innova 2.5,Toyota,2011-01-01,750000.0,147000.0,Diesel
635,Nissan Sunny XL,Nissan,2011-01-01,230000.0,52000.0,Petrol
636,Chevrolet Beat LT,Chevrolet,2012-01-01,130000.0,90001.0,Diesel
637,Maruti Suzuki Alto,Maruti,2017-01-01,270000.0,21000.0,Petrol
638,Maruti Suzuki Swift,Maruti,2012-01-01,280000.0,48006.0,Diesel
639,Maruti Suzuki Swift,Maruti,2012-01-01,280000.0,48006.0,Diesel
640,Maruti Suzuki Swift,Maruti,2012-01-01,280000.0,48006.0,Diesel
641,very good condition,very,2015-01-01,200000.0,39000.0,Diesel
642,Toyota Innova 2.0,Toyota,2012-01-01,600000.0,80000.0,Diesel
643,Sale Hyundai xcent,Sale,2015-01-01,284999.5,39000.0,Diesel
644,Maruti Suzuki Swift,Maruti,2010-01-01,190000.0,74000.0,Diesel
645,Hyundai Elite i20,Hyundai,2015-01-01,500000.0,22000.0,Petrol
646,Mahindra XUV500 W10,Mahindra,2016-01-01,1065000.0,41000.0,Diesel
647,Volkswagen Polo Trendline,Volkswagen,2015-01-01,350000.0,25000.0,Diesel
648,Toyota Etios Liva,Toyota,2012-01-01,350000.0,85000.0,Diesel
649,Mahindra TUV300 T4,Mahindra,2016-01-01,540000.0,29500.0,Diesel
650,Hyundai Elite i20,Hyundai,2015-01-01,470000.0,30000.0,Petrol
651,Hyundai Santro Xing,Hyundai,2014-01-01,179000.0,57000.0,Petrol
652,Maruti Suzuki Zen,Maruti,2003-01-01,48000.0,60000.0,Petrol
653,Maruti Suzuki Ciaz,Maruti,2016-01-01,650000.0,50000.0,Petrol
654,Hyundai Eon Era,Hyundai,2013-01-01,190000.0,39700.0,Petrol
655,Hyundai Elantra 1.8,Hyundai,2012-01-01,500000.0,65000.0,Petrol
656,Maruti Suzuki Swift,Maruti,2010-01-01,270000.0,67000.0,Diesel
657,Maruti Suzuki Zen,Maruti,2008-01-01,125000.0,46000.0,Petrol
658,Hyundai Eon Era,Hyundai,2012-01-01,188000.0,38000.0,Petrol
659,Hyundai Grand i10,Hyundai,2016-01-01,380000.0,27000.0,Petrol
660,Hyundai Verna Fluidic,Hyundai,2011-01-01,365000.0,43000.0,Diesel
661,Ford EcoSport Trend,Ford,2014-01-01,465000.0,47000.0,Petrol
662,Hyundai i20 Magna,Hyundai,2011-01-01,240000.0,42000.0,Petrol
663,Chevrolet Beat Diesel,Chevrolet,2016-01-01,179999.0,19336.0,Diesel
664,Tata Indica eV2,Tata,2015-01-01,140000.0,60105.0,Diesel
665,Jaguar XF 2.2,Jaguar,2013-01-01,2190000.0,29000.0,Diesel
666,Audi Q5 2.0,Audi,2014-01-01,2390000.0,34000.0,Diesel
667,BMW 3 Series,BMW,2011-01-01,1075000.0,35000.0,Diesel
668,Maruti Suzuki Swift,Maruti,2015-01-01,475000.0,22000.0,Petrol
669,BMW X1 sDrive20d,BMW,2012-01-01,1025000.0,41000.0,Diesel
670,Maruti Suzuki S,Maruti,2016-01-01,615000.0,21000.0,Diesel
671,Maruti Suzuki Ertiga,Maruti,2013-01-01,475000.0,48000.0,Diesel
672,Maruti Suzuki Alto,Maruti,2016-01-01,270000.0,38000.0,Petrol
673,Honda City SV,Honda,2014-01-01,475000.0,34000.0,Diesel
674,Volkswagen Vento Comfortline,Volkswagen,2011-01-01,240000.0,45933.0,Petrol
675,Honda City 1.5,Honda,2005-01-01,120000.0,68000.0,Petrol
676,Audi A4 2.0,Audi,2016-01-01,1900000.0,44000.0,Diesel
677,Mahindra KUV100,Mahindra,2017-01-01,360000.0,35000.0,Diesel
678,Tata Zest XE,Tata,2018-01-01,450000.0,102563.0,Diesel
679,Mahindra XUV500 W8,Mahindra,2015-01-01,900000.0,28600.0,Diesel
680,Maruti Suzuki Swift,Maruti,2017-01-01,650000.0,41800.0,Diesel
681,Tata Sumo Gold,Tata,2014-01-01,275000.0,116000.0,Diesel
682,Maruti Suzuki Swift,Maruti,2009-01-01,210000.0,59000.0,Petrol
683,Mahindra Scorpio 2.6,Mahindra,2004-01-01,175000.0,58000.0,Diesel
684,Maruti Suzuki Omni,Maruti,2009-01-01,85000.0,45000.0,Petrol
685,Mitsubishi Pajero Sport,Mitsubishi,2015-01-01,1490000.0,42590.0,Diesel
686,Renault Duster,Renault,2014-01-01,800000.0,7400.0,Diesel
687,Volkswagen Jetta Comfortline,Volkswagen,2009-01-01,450000.0,54500.0,Diesel
688,Maruti Suzuki Ertiga,Maruti,2012-01-01,1000000.0,200000.0,Diesel
689,Audi A4 2.0,Audi,2013-01-01,1510000.0,27000.0,Diesel
690,Volvo S80 Summum,Volvo,2015-01-01,1850000.0,42000.0,Diesel
691,Toyota Corolla Altis,Toyota,2014-01-01,790000.0,29000.0,Petrol
692,Mitsubishi Pajero Sport,Mitsubishi,2015-01-01,1725000.0,37000.0,Diesel
693,Chevrolet Beat LT,Chevrolet,2012-01-01,135000.0,36000.0,Petrol
694,BMW X1,BMW,2011-01-01,1000000.0,34000.0,Diesel
695,Datsun Redi GO,Datsun,2018-01-01,299999.0,7000.0,Petrol
696,Mercedes Benz C,Mercedes,2009-01-01,1225000.0,76000.0,Diesel
697,Mahindra Scorpio SLX,Mahindra,2004-01-01,175000.0,60000.0,Diesel
698,Volkswagen Vento Comfortline,Volkswagen,2011-01-01,200000.0,95000.0,Diesel
699,Tata Indigo CS,Tata,2017-01-01,270000.0,50000.0,Diesel
700,Ford Figo Petrol,Ford,2019-01-01,525000.0,39000.0,Petrol
701,Honda City ZX,Honda,2006-01-01,180000.0,50000.0,Petrol
702,Maruti Suzuki Wagon,Maruti,2008-01-01,140000.0,68000.0,Petrol
703,Ford EcoSport Trend,Ford,2014-01-01,400000.0,16000.0,Petrol
704,Maruti Suzuki Swift,Maruti,2016-01-01,499000.0,51000.0,Diesel
705,Maruti Suzuki Omni,Maruti,2009-01-01,85000.0,56000.0,Petrol
706,Maruti Suzuki Zen,Maruti,2004-01-01,70000.0,100000.0,Petrol
707,Renault Duster RxL,Renault,2015-01-01,550000.0,36000.0,Petrol
708,Maruti Suzuki Swift,Maruti,2014-01-01,370000.0,11523.0,Petrol
709,Maruti Suzuki Baleno,Maruti,2018-01-01,690000.0,1000.0,Petrol
710,Honda WR V,Honda,2009-01-01,250000.0,60000.0,Petrol
711,Tata Indigo CS,Tata,2016-01-01,110000.0,85000.0,Diesel
712,Renault Duster 110,Renault,2013-01-01,490000.0,38600.0,Diesel
713,Mahindra Scorpio LX,Mahindra,2009-01-01,320000.0,95500.0,Diesel
714,Maruti Suzuki Zen,Maruti,2004-01-01,68000.0,56000.0,Petrol
715,Maruti Suzuki Wagon,Maruti,2014-01-01,130000.0,37458.0,Petrol
716,Maruti Suzuki SX4,Maruti,2016-01-01,970000.0,85960.0,Diesel
717,Audi A3 Cabriolet,Audi,2015-01-01,3100000.0,12516.0,Petrol
718,Hyundai Eon D,Hyundai,2018-01-01,280000.0,35000.0,Petrol
719,Maruti Suzuki Zen,Maruti,2009-01-01,125000.0,39000.0,Petrol
720,Mahindra Scorpio SLX,Mahindra,2008-01-01,285000.0,80000.0,Diesel
721,I want to,I,2015-01-01,475000.0,39000.0,Petrol
722,Hyundai Santro AE,Hyundai,2011-01-01,165000.0,45000.0,Petrol
723,i want sale,i,2015-01-01,320000.0,39000.0,Diesel
724,Maruti Suzuki Swift,Maruti,2009-01-01,250000.0,51000.0,Diesel
725,Mahindra Scorpio S4,Mahindra,2015-01-01,865000.0,30000.0,Diesel
726,Tata ZEST 6,Tata,2015-01-01,370000.0,39000.0,Petrol
727,Mahindra Xylo D2,Mahindra,2011-01-01,390000.0,48000.0,Diesel
728,Hyundai Santro,Hyundai,2003-01-01,60000.0,51000.0,Petrol
729,Chevrolet Beat LT,Chevrolet,2015-01-01,215000.0,90000.0,Diesel
730,Maruti Suzuki Swift,Maruti,2015-01-01,475000.0,43000.0,Diesel
731,Mahindra XUV500 W8,Mahindra,2015-01-01,899000.0,53000.0,Diesel
732,Toyota Fortuner 3.0,Toyota,2013-01-01,1499000.0,97000.0,Diesel
733,Maruti Suzuki Alto,Maruti,2013-01-01,240000.0,20000.0,Petrol
734,Hyundai Getz GLE,Hyundai,2007-01-01,99000.0,55000.0,Petrol
735,Maruti Suzuki Swift,Maruti,2014-01-01,260000.0,120000.0,Diesel
736,Hyundai Creta 1.6,Hyundai,2019-01-01,1200000.0,39000.0,Petrol
737,Hyundai Santro Xing,Hyundai,2007-01-01,115000.0,46000.0,Petrol
738,Hyundai Santro Xing,Hyundai,2009-01-01,88000.0,43200.0,Petrol
739,Mahindra Xylo D2,Mahindra,2011-01-01,390000.0,56000.0,Diesel
740,Hyundai Santro Xing,Hyundai,2007-01-01,135000.0,42000.0,Petrol
741,Tata Indica V2,Tata,2009-01-01,90000.0,30600.0,Diesel
742,Hyundai i10 Sportz,Hyundai,2011-01-01,220000.0,38000.0,Petrol
743,Hyundai Grand i10,Hyundai,2017-01-01,424999.0,2550.0,Petrol
744,Hyundai Santro Xing,Hyundai,2007-01-01,135000.0,47000.0,Petrol
745,Honda City 1.5,Honda,2005-01-01,95000.0,41000.0,Petrol
746,Nissan Micra XL,Nissan,2017-01-01,430000.0,62500.0,Diesel
747,Honda City 1.5,Honda,2005-01-01,115000.0,68000.0,Petrol
748,Maruti Suzuki Alto,Maruti,2015-01-01,215000.0,50000.0,Petrol
749,Maruti Suzuki Wagon,Maruti,2004-01-01,53000.0,69000.0,Petrol
750,Maruti Suzuki Ertiga,Maruti,2012-01-01,500000.0,48000.0,Diesel
751,Tata Indica eV2,Tata,2012-01-01,85000.0,55000.0,Diesel
752,Maruti Suzuki Omni,Maruti,2013-01-01,165000.0,25000.0,Petrol
753,Hyundai Eon Era,Hyundai,2014-01-01,200000.0,28400.0,Petrol
754,Hyundai Eon,Hyundai,2014-01-01,200000.0,28000.0,Petrol
755,Maruti Suzuki Swift,Maruti,2015-01-01,425000.0,42000.0,Diesel
756,MARUTI SUZUKI ERTIGA,MARUTI,2015-01-01,650000.0,39000.0,Petrol
757,Hyundai Verna 1.6,Hyundai,2012-01-01,600000.0,29000.0,Diesel
758,Chevrolet Tavera LS,Chevrolet,2005-01-01,130000.0,68485.0,Diesel
759,Tata Tiago Revotron,Tata,2018-01-01,430000.0,3500.0,Petrol
760,Tata Tiago Revotorq,Tata,2019-01-01,568500.0,39000.0,Petrol
761,Tata Nexon,Tata,2019-01-01,284999.5,39000.0,Petrol
762,Tata,Tata,2015-01-01,284999.5,39000.0,Petrol
763,Maruti Suzuki Zen,Maruti,2006-01-01,71000.0,32000.0,Petrol
764,Mahindra KUV100 K8,Mahindra,2018-01-01,560000.0,8000.0,Diesel
765,Ford EcoSport Titanium,Ford,2014-01-01,590000.0,34000.0,Diesel
766,Hindustan Motors Ambassador,Hindustan,1995-01-01,750000.0,37000.0,Petrol
767,Ford Fusion 1.4,Ford,2007-01-01,125000.0,85455.0,Diesel
768,Hyundai Santro Xing,Hyundai,2007-01-01,135000.0,46000.0,Petrol
769,Hyundai Santro,Hyundai,2002-01-01,60000.0,47000.0,Petrol
770,Fiat Linea Emotion,Fiat,2009-01-01,120000.0,64000.0,Petrol
771,Ford Ikon 1.3,Ford,2008-01-01,95000.0,46000.0,Petrol
772,Maruti Suzuki Omni,Maruti,2017-01-01,240000.0,8000.0,Petrol
773,Tata Indica V2,Tata,2012-01-01,115000.0,64000.0,Diesel
774,Mahindra Scorpio S4,Mahindra,2015-01-01,795000.0,63000.0,Diesel
775,Hyundai Santro Xing,Hyundai,2007-01-01,55000.0,65000.0,Petrol
776,Mahindra Xylo D2,Mahindra,2009-01-01,300000.0,62000.0,Diesel
777,Hyundai Grand i10,Hyundai,2014-01-01,320000.0,41000.0,Petrol
778,Maruti Suzuki Alto,Maruti,2015-01-01,265000.0,14000.0,Petrol
779,Toyota Corolla,Toyota,2006-01-01,160000.0,40000.0,Petrol
780,Hyundai Eon Magna,Hyundai,2017-01-01,300000.0,1600.0,Petrol
781,Tata Sumo Grande,Tata,2010-01-01,130000.0,90000.0,Diesel
782,Maruti Suzuki Swift,Maruti,2011-01-01,250000.0,58000.0,Diesel
783,Volkswagen Polo Highline1.2L,Volkswagen,2013-01-01,380000.0,27000.0,Petrol
784,Maruti Suzuki Alto,Maruti,2003-01-01,42000.0,60000.0,Petrol
785,Tata Tiago Revotron,Tata,2017-01-01,400000.0,31000.0,Petrol
786,Maruti Suzuki Swift,Maruti,2009-01-01,120000.0,90000.0,Diesel
787,Maruti Suzuki Swift,Maruti,2009-01-01,120000.0,90000.0,Diesel
788,Tata Indigo eCS,Tata,2016-01-01,130000.0,150000.0,Diesel
789,Chevrolet Beat LS,Chevrolet,2014-01-01,189000.0,31000.0,Diesel
790,2012 Tata Sumo,2012,2015-01-01,250000.0,39000.0,Petrol
791,Mahindra Xylo E8,Mahindra,2011-01-01,365000.0,43000.0,Diesel
792,Hyundai Eon D,Hyundai,2013-01-01,170000.0,20000.0,Petrol
793,Well mentained Tata,Well,2015-01-01,380000.0,39000.0,Petrol
794,all paper updated,all,2015-01-01,145000.0,39000.0,Diesel
795,Maruti Ertiga showroom,Maruti,2015-01-01,480000.0,39000.0,Petrol
796,7 SEATER MAHINDRA,7,2015-01-01,284999.5,39000.0,Petrol
797,9 SEATER MAHINDRA,9,2015-01-01,284999.5,39000.0,Petrol
798,scratch less Tata,scratch,2015-01-01,140000.0,39000.0,Diesel
799,Maruti Suzuki swift,Maruti,2015-01-01,360000.0,39000.0,Diesel
800,Commercial Chevrolet beat,Commercial,2015-01-01,180000.0,39000.0,Petrol
801,urgent sell my,urgent,2015-01-01,350000.0,39000.0,Diesel
802,Tata Sumo Gold,Tata,2013-01-01,215000.0,100000.0,Petrol
803,sell my car,sell,2015-01-01,300000.0,39000.0,Diesel
804,Maruti Suzuki Swift,Maruti,2015-01-01,310000.0,39000.0,Petrol
805,Hyunda,Hyundai,2015-01-01,284999.5,39000.0,Petrol
806,Commercial Maruti Suzuki,Commercial,2015-01-01,284999.5,39000.0,Petrol
807,urgent sale Ta,urgent,2015-01-01,220000.0,39000.0,Petrol
808,Maruti Suzuki Alto,Maruti,2015-01-01,95000.0,39000.0,Petrol
809,tata,tata,2015-01-01,284999.5,39000.0,Diesel
810,TATA INDI,TATA,2015-01-01,110000.0,39000.0,Diesel
811,Tata Nano,Tata,2013-01-01,60000.0,7000.0,Petrol
812,Hyundai Elite i20,Hyundai,2017-01-01,599999.0,31000.0,Petrol
813,Hyundai i10 Magna,Hyundai,2009-01-01,400000.0,33000.0,Petrol
814,Hyundai Creta,Hyundai,2016-01-01,900000.0,60000.0,Diesel
815,Volkswagen Polo,Volkswagen,2013-01-01,299999.0,48000.0,Diesel
816,Maruti Suzuki Dzire,Maruti,2014-01-01,374999.0,33000.0,Petrol
817,Tata Bolt XM,Tata,2015-01-01,600000.0,15000.0,Petrol
818,Maruti Suzuki Alto,Maruti,2005-01-01,70000.0,47000.0,Petrol
819,Maruti Suzuki Alto,Maruti,2005-01-01,100000.0,40000.0,Petrol
820,Hyundai Venue,Hyundai,2019-01-01,284999.5,7000.0,Diesel
821,Maruti Suzuki Ritz,Maruti,2010-01-01,150000.0,38000.0,Diesel
822,Maruti Suzuki Alto,Maruti,2017-01-01,225000.0,12500.0,Petrol
823,Maruti Suzuki Dzire,Maruti,2009-01-01,210000.0,42000.0,Petrol
824,Renault Lodgy,Renault,2016-01-01,284999.5,20000.0,Diesel
825,Hyundai i20 Asta,Hyundai,2014-01-01,425000.0,31000.0,Petrol
826,Maruti Suzuki Swift,Maruti,2008-01-01,162000.0,60000.0,Diesel
827,Tata Indica V2,Tata,2005-01-01,60000.0,80000.0,Diesel
828,Mahindra Scorpio VLX,Mahindra,2014-01-01,650000.0,77000.0,Diesel
829,Toyota Innova 2.5,Toyota,2012-01-01,750000.0,75000.0,Diesel
830,Mahindra Xylo E8,Mahindra,2010-01-01,375000.0,40000.0,Diesel
831,Hyundai i20 Magna,Hyundai,2011-01-01,230000.0,47000.0,Petrol
832,Maruti Suzuki Omni,Maruti,2000-01-01,35999.0,60000.0,Petrol
833,Mahindra KUV100,Mahindra,2016-01-01,380000.0,26500.0,Petrol
834,Mahindra KUV100 K8,Mahindra,2019-01-01,560000.0,2875.0,Petrol
835,Datsun Go Plus,Datsun,2016-01-01,285000.0,13900.0,Petrol
836,Ford Endeavor 4x4,Ford,2019-01-01,2900000.0,9000.0,Diesel
837,Tata Indica V2,Tata,2005-01-01,39999.0,80000.0,Diesel
838,Hyundai Santro Xing,Hyundai,2006-01-01,85000.0,60000.0,Petrol
839,Maruti Suzuki Wagon,Maruti,2016-01-01,395000.0,20000.0,Petrol
840,Maruti Suzuki Swift,Maruti,2008-01-01,175000.0,58000.0,Diesel
841,Maruti Suzuki Alto,Maruti,2019-01-01,400000.0,1500.0,Petrol
842,Toyota Innova 2.5,Toyota,2011-01-01,750000.0,75000.0,Diesel
843,Any type car,Any,2015-01-01,170000.0,39000.0,Petrol
844,Maruti Suzuki Alto,Maruti,2016-01-01,250000.0,2450.0,Petrol
845,Maruti Suzuki Alto,Maruti,2019-01-01,425000.0,1625.0,Petrol
846,Maruti Suzuki Alto,Maruti,2019-01-01,284999.5,1500.0,Petrol
847,Volkswagen Polo Highline1.2L,Volkswagen,2017-01-01,525000.0,45000.0,Petrol
848,Mahindra Logan,Mahindra,2009-01-01,130000.0,65000.0,Diesel
849,Maruti Suzuki 800,Maruti,2000-01-01,30000.0,33400.0,Petrol
850,Mahindra Scorpio,Mahindra,2011-01-01,475000.0,60123.0,Diesel
851,Chevrolet Sail 1.2,Chevrolet,2013-01-01,300000.0,28000.0,Petrol
852,Volkswagen Vento Highline,Volkswagen,2015-01-01,284999.5,38900.0,Diesel
853,Hyundai Santro AE,Hyundai,2003-01-01,60000.0,70000.0,Petrol
854,Maruti Suzuki Wagon,Maruti,2006-01-01,100000.0,7000.0,Petrol
855,Hyundai Eon,Hyundai,2018-01-01,260000.0,25000.0,Petrol
856,Tata Manza,Tata,2015-01-01,100000.0,100000.0,Diesel
857,Toyota Innova 2.0,Toyota,2019-01-01,284999.5,4000.0,Petrol
858,Toyota Etios G,Toyota,2013-01-01,265000.0,42000.0,Petrol
859,Hyundai Getz Prime,Hyundai,2009-01-01,115000.0,20000.0,Petrol
860,Toyota Qualis,Toyota,2003-01-01,180000.0,100000.0,Diesel
861,Hyundai Santro Xing,Hyundai,2004-01-01,45000.0,137495.0,Petrol
862,Tata Indica eV2,Tata,2016-01-01,50500.0,91200.0,Diesel
863,Honda City 1.5,Honda,2009-01-01,270000.0,55000.0,Petrol
864,Tata Zest XE,Tata,2017-01-01,290000.0,120000.0,Diesel
865,Mahindra Quanto C4,Mahindra,2013-01-01,325000.0,63000.0,Diesel
866,Tata Indigo eCS,Tata,2016-01-01,160000.0,104000.0,Diesel
867,Maruti Suzuki Swift,Maruti,2016-01-01,350000.0,146000.0,Diesel
868,Hyundai Elite i20,Hyundai,2011-01-01,290000.0,40000.0,Petrol
869,Hyundai i20 Select,Hyundai,2011-01-01,290000.0,40000.0,Petrol
870,Chevrolet Tavera Neo,Chevrolet,2007-01-01,465000.0,100800.0,Diesel
871,Maruti Suzuki Dzire,Maruti,2016-01-01,325000.0,150000.0,Diesel
872,Hyundai Elite i20,Hyundai,2018-01-01,510000.0,2100.0,Petrol
873,Honda City VX,Honda,2016-01-01,860000.0,95000.0,Petrol
874,Maruti Suzuki Dzire,Maruti,2016-01-01,450000.0,2500.0,Diesel
875,Hyundai Getz,Hyundai,2006-01-01,125000.0,80000.0,Petrol
876,Mercedes Benz C,Mercedes,2006-01-01,500001.0,15000.0,Petrol
877,Maruti Suzuki Alto,Maruti,2005-01-01,95000.0,65000.0,Petrol
878,Maruti Suzuki Swift,Maruti,2009-01-01,250000.0,51000.0,Diesel
879,Skoda Fabia,Skoda,2009-01-01,110000.0,45000.0,Petrol
880,Maruti Suzuki Alto,Maruti,2015-01-01,284999.5,70000.0,Petrol
881,Maruti Suzuki Ritz,Maruti,2011-01-01,270000.0,50000.0,Petrol
882,tata zest 2017,tata,2015-01-01,450000.0,39000.0,Petrol
883,Tata Indica V2,Tata,2009-01-01,110000.0,30000.0,Diesel
884,Toyota Corolla Altis,Toyota,2009-01-01,300000.0,132000.0,Petrol
885,Ta,Tara,2015-01-01,310000.0,39000.0,Diesel
886,Tata Zest XM,Tata,2018-01-01,260000.0,27000.0,Diesel
887,Mahindra Quanto C8,Mahindra,2013-01-01,390000.0,40000.0,Diesel
888,Honda Amaze 1.2,Honda,2014-01-01,180000.0,39000.0,Diesel
889,Chevrolet Sail 1.2,Chevrolet,2014-01-01,160000.0,39000.0,Diesel
